<drawing><figures><atr id="0" nullable="false" attributeType="VARCHAR2(128)"><children><e id="1" x="924" y="663" w="80" h="20"><a><fillColor><color rgba="#ffffebeb"/></fillColor></a></e><t id="2" x="948.19140625" y="665.7080078125"><a><text><string>stock</string></text></a></t></children></atr><atr id="3" nullable="false" attributeType="VARCHAR2(128)"><children><e id="4" x="779" y="655" w="80" h="20"><a><fillColor><color rgba="#ffffebeb"/></fillColor></a></e><t id="5" x="803.19140625" y="657.7080078125"><a><text><string>stock</string></text></a></t></children></atr><atr id="6" nullable="false" attributeType="VARCHAR2(128)"><children><e id="7" x="602" y="652" w="80" h="20"><a><fillColor><color rgba="#ffffebeb"/></fillColor></a></e><t id="8" x="626.19140625" y="654.7080078125"><a><text><string>stock</string></text></a></t></children></atr><lcaf id="9"><points><p colinear="true" x="790.2857142857143" y="438" c1x="108.81749562909238" c1y="139" c2x="108.81749562909238" c2y="139"/><p colinear="true" x="734.3571428571429" y="384" c1x="108.81749562909238" c1y="139" c2x="108.81749562909238" c2y="139"/></points><startConnector><rConnector id="a"><Owner><ent id="b"><children><r id="c" x="771" y="438" w="80" h="40"><a><fillColor><color rgba="#ffebffe8"/></fillColor></a></r><t id="d" x="784.392578125" y="450.7080078125"><a><text><string>producto</string></text></a></t></children></ent></Owner></rConnector></startConnector><endConnector><rConnector id="e"><Owner><atr id="f" nullable="false" attributeType="VARCHAR2(128)"><children><e id="10" x="684" y="364" w="80" h="20"><a><fillColor><color rgba="#ffffebeb"/></fillColor></a></e><t id="11" x="690.279296875" y="366.7080078125"><a><text><string>descripcion</string></text></a></t></children></atr></Owner></rConnector></endConnector></lcaf><atr ref="f"/><lcaf id="12"><points><p colinear="true" x="842.5" y="438" c1x="167.81749562909238" c1y="155" c2x="167.81749562909238" c2y="155"/><p colinear="true" x="921.25" y="388" c1x="167.81749562909238" c1y="155" c2x="167.81749562909238" c2y="155"/></points><startConnector><rConnector id="13"><Owner><ent ref="b"/></Owner></rConnector></startConnector><endConnector><rConnector id="14"><Owner><atr id="15" nullable="false" attributeType="VARCHAR2(128)"><children><e id="16" x="897" y="368" w="80" h="20"><a><fillColor><color rgba="#ffffebeb"/></fillColor></a></e><t id="17" x="918.2705078125" y="370.7080078125"><a><text><string>marca</string></text></a></t></children></atr></Owner></rConnector></endConnector></lcaf><atr ref="15"/><lcaf id="18"><points><p colinear="true" x="771" y="449.7402239487349" c1x="108.81749562909238" c1y="139" c2x="108.81749562909238" c2y="139"/><p colinear="true" x="685.0885959201389" y="432" c1x="108.81749562909238" c1y="139" c2x="108.81749562909238" c2y="139"/></points><startConnector><rConnector id="19"><Owner><ent ref="b"/></Owner></rConnector></startConnector><endConnector><rConnector id="1a"><Owner><atrchave id="1b" nullable="false" attributeType="NUMBER"><children><e id="1c" x="586" y="412" w="101.322265625" h="20"><a><fillColor><color rgba="#ffffebeb"/></fillColor></a></e><t id="1d" x="596" y="414.7080078125"><a><fontUnderlined><boolean>true</boolean></fontUnderlined><fontBold><boolean>true</boolean></fontBold><text><string>id_producto</string></text></a></t></children></atrchave></Owner></rConnector></endConnector></lcaf><atrchave ref="1b"/><lcaf id="1e"><points><p colinear="true" x="814.5714285714286" y="438" c1x="105.69948320673211" c1y="146" c2x="105.69948320673211" c2y="146"/><p colinear="true" x="824.2142857142857" y="384" c1x="105.69948320673211" c1y="146" c2x="105.69948320673211" c2y="146"/></points><startConnector><rConnector id="1f"><Owner><ent ref="b"/></Owner></rConnector></startConnector><endConnector><rConnector id="20"><Owner><atr id="21" nullable="false" attributeType="VARCHAR2(128)"><children><e id="22" x="786" y="364" w="80" h="20"><a><fillColor><color rgba="#ffffebeb"/></fillColor></a></e><t id="23" x="807.712890625" y="366.7080078125"><a><text><string>precio</string></text></a></t></children></atr></Owner></rConnector></endConnector></lcaf><atr ref="21"/><ent id="24"><children><r id="25" x="322" y="176" w="80" h="40"><a><fillColor><color rgba="#ffebffe8"/></fillColor></a></r><t id="26" x="338.0791015625" y="188.7080078125"><a><text><string>Persona</string></text></a></t></children></ent><ent id="27"><children><r id="28" x="235" y="271" w="80" h="40"><a><fillColor><color rgba="#ffebffe8"/></fillColor></a></r><t id="29" x="254.2080078125" y="283.7080078125"><a><text><string>Cliente</string></text></a></t></children></ent><ent id="2a"><children><r id="2b" x="531" y="257" w="80" h="40"><a><fillColor><color rgba="#ffebffe8"/></fillColor></a></r><t id="2c" x="542.2744140625" y="269.7080078125"><a><text><string>Vendedor</string></text></a></t></children></ent><generalizacaoLine id="2d"><points><p colinear="true" x="343.6842105263158" y="216" c1x="216.3427076520602" c1y="25" c2x="216.3427076520602" c2y="25"/><p colinear="true" x="293.3157894736842" y="271" c1x="216.3427076520602" c1y="25" c2x="216.3427076520602" c2y="25"/></points><startConnector><rConnector id="2e"><Owner><ent ref="24"/></Owner></rConnector></startConnector><endConnector><rConnector id="2f"><Owner><ent ref="27"/></Owner></rConnector></endConnector></generalizacaoLine><generalizacaoLine id="30"><points><p colinear="true" x="402" y="211.5023923444976" c1x="264.8181818181818" c1y="2" c2x="264.8181818181818" c2y="2"/><p colinear="true" x="531" y="261.4976076555024" c1x="264.8181818181818" c1y="2" c2x="264.8181818181818" c2y="2"/></points><startConnector><rConnector id="31"><Owner><ent ref="24"/></Owner></rConnector></startConnector><endConnector><rConnector id="32"><Owner><ent ref="2a"/></Owner></rConnector></endConnector></generalizacaoLine><rel id="33"><children><diamond id="34" x="309" y="357" w="80" h="40"><a><fillColor><color rgba="#ffddddff"/></fillColor></a></diamond><t id="35" x="329.212890625" y="369.7080078125"><a><text><string>realiza</string></text></a></t></children></rel><ent id="36"><children><r id="37" x="385" y="446" w="80" h="40"><a><fillColor><color rgba="#ffebffe8"/></fillColor></a></r><t id="38" x="401.4306640625" y="458.7080078125"><a><text><string>Compra</string></text></a></t></children></ent><llabelUm id="39"><points><p colinear="true" x="331.7906976744186" y="357" c1x="140" c1y="-4" c2x="140" c2y="-4"/><p colinear="true" x="292.2093023255814" y="311" c1x="140" c1y="-4" c2x="140" c2y="-4"/></points><startConnector><rConnector id="3a"><Owner><rel ref="33"/></Owner></rConnector></startConnector><endConnector><rConnector id="3b"><Owner><ent ref="27"/></Owner></rConnector></endConnector></llabelUm><llabelMuitos id="3c"><points><p colinear="true" x="366.07865168539325" y="397" c1x="140" c1y="-4" c2x="140" c2y="-4"/><p colinear="true" x="407.92134831460675" y="446" c1x="140" c1y="-4" c2x="140" c2y="-4"/></points><startConnector><rConnector id="3d"><Owner><rel ref="33"/></Owner></rConnector></startConnector><endConnector><rConnector id="3e"><Owner><ent ref="36"/></Owner></rConnector></endConnector><a><text><string>N</string></text></a></llabelMuitos><rel id="3f"><children><diamond id="40" x="461" y="351" w="80" h="40"><a><fillColor><color rgba="#ffddddff"/></fillColor></a></diamond><t id="41" x="481.212890625" y="363.7080078125"><a><text><string>realiza</string></text></a></t></children></rel><llabelUm id="42"><points><p colinear="true" x="515.8936170212766" y="351" c1x="119" c1y="37" c2x="119" c2y="37"/><p colinear="true" x="556.1063829787234" y="297" c1x="119" c1y="37" c2x="119" c2y="37"/></points><startConnector><rConnector id="43"><Owner><rel ref="3f"/></Owner></rConnector></startConnector><endConnector><rConnector id="44"><Owner><ent ref="2a"/></Owner></rConnector></endConnector></llabelUm><ent ref="b"/><rel id="45"><children><diamond id="46" x="525" y="444" w="80" h="32"><a><fillColor><color rgba="#ffddddff"/></fillColor></a></diamond><t id="47" x="550.0439453125" y="452.7080078125"><a><text><string>tiene</string></text></a></t></children></rel><atrchave id="48" nullable="false" attributeType="NUMBER"><children><e id="49" x="257" y="514" w="80" h="20"><a><fillColor><color rgba="#ffffebeb"/></fillColor></a></e><t id="4a" x="261.3046875" y="516.7080078125"><a><fontUnderlined><boolean>true</boolean></fontUnderlined><fontBold><boolean>true</boolean></fontBold><text><string>id_compra</string></text></a></t></children></atrchave><lcaf id="4b"><points><p colinear="true" x="385" y="484.125" c1x="60.88524590163934" c1y="26" c2x="60.88524590163934" c2y="26"/><p colinear="true" x="319.0689655172414" y="514" c1x="60.88524590163934" c1y="26" c2x="60.88524590163934" c2y="26"/></points><startConnector><rConnector id="4c"><Owner><ent ref="36"/></Owner></rConnector></startConnector><endConnector><rConnector id="4d"><Owner><atrchave ref="48"/></Owner></rConnector></endConnector></lcaf><atr id="4e" nullable="false" attributeType="VARCHAR2(128)"><children><e id="4f" x="308" y="561" w="80" h="20"><a><fillColor><color rgba="#ffffebeb"/></fillColor></a></e><t id="50" x="322.3828125" y="563.7080078125"><a><text><string>cantidad</string></text></a></t></children></atr><lcaf id="51"><points><p colinear="true" x="410.3333333333333" y="486" c1x="60.88524590163934" c1y="26" c2x="60.88524590163934" c2y="26"/><p colinear="true" x="355.33333333333337" y="561" c1x="60.88524590163934" c1y="26" c2x="60.88524590163934" c2y="26"/></points><startConnector><rConnector id="52"><Owner><ent ref="36"/></Owner></rConnector></startConnector><endConnector><rConnector id="53"><Owner><atr ref="4e"/></Owner></rConnector></endConnector></lcaf><atrderivado id="54"><children><e id="55" x="399" y="575" w="80" h="20"><a><strokeDashes><doubleArray><double>5</double></doubleArray></strokeDashes><fillColor><color rgba="#ffffebeb"/></fillColor></a></e><t id="56" x="425.3798828125" y="577.7080078125"><a><text><string>total</string></text></a></t></children></atrderivado><lcaf id="57"><points><p colinear="true" x="427.3529411764706" y="486" c1x="60.88524590163934" c1y="26" c2x="60.88524590163934" c2y="26"/><p colinear="true" x="437.8235294117647" y="575" c1x="60.88524590163934" c1y="26" c2x="60.88524590163934" c2y="26"/></points><startConnector><rConnector id="58"><Owner><ent ref="36"/></Owner></rConnector></startConnector><endConnector><rConnector id="59"><Owner><atrderivado ref="54"/></Owner></rConnector></endConnector></lcaf><atrchave id="5a" nullable="false" attributeType="NUMBER"><children><e id="5b" x="99" y="191" w="80" h="20"><a><fillColor><color rgba="#ffffebeb"/></fillColor></a></e><t id="5c" x="125.6640625" y="193.7080078125"><a><fontUnderlined><boolean>true</boolean></fontUnderlined><fontBold><boolean>true</boolean></fontBold><text><string>DNI</string></text></a></t></children></atrchave><atr id="5d" nullable="false" attributeType="VARCHAR2(128)"><children><e id="5e" x="300" y="104" w="80" h="20"><a><fillColor><color rgba="#ffffebeb"/></fillColor></a></e><t id="5f" x="316.1611328125" y="106.7080078125"><a><text><string>Nombre</string></text></a></t></children></atr><atr id="60" nullable="false" attributeType="VARCHAR2(128)"><children><e id="61" x="144" y="41" w="80" h="20"><a><fillColor><color rgba="#ffffebeb"/></fillColor></a></e><t id="62" x="157.03515625" y="43.7080078125"><a><text><string>Nombres</string></text></a></t></children></atr><atr id="63" nullable="false" attributeType="VARCHAR2(128)"><children><e id="64" x="251" y="24" w="80" h="20"><a><fillColor><color rgba="#ffffebeb"/></fillColor></a></e><t id="65" x="260.33203125" y="26.7080078125"><a><text><string>P_apellido</string></text></a></t></children></atr><atr id="66" nullable="false" attributeType="VARCHAR2(128)"><children><e id="67" x="361" y="25" w="80" h="20"><a><fillColor><color rgba="#ffffebeb"/></fillColor></a></e><t id="68" x="369.8486328125" y="27.7080078125"><a><text><string>S_apellido</string></text></a></t></children></atr><lcaf id="69"><points><p colinear="true" x="315.23809523809524" y="104" c1x="291.6417112299465" c1y="-304" c2x="291.6417112299465" c2y="-304"/><p colinear="true" x="208.76190476190476" y="61" c1x="291.6417112299465" c1y="-304" c2x="291.6417112299465" c2y="-304"/></points><startConnector><rConnector id="6a"><Owner><atr ref="5d"/></Owner></rConnector></startConnector><endConnector><rConnector id="6b"><Owner><atr ref="60"/></Owner></rConnector></endConnector></lcaf><lcaf id="6c"><points><p colinear="true" x="333.875" y="104" c1x="291.6417112299465" c1y="-304" c2x="291.6417112299465" c2y="-304"/><p colinear="true" x="297.125" y="44" c1x="291.6417112299465" c1y="-304" c2x="291.6417112299465" c2y="-304"/></points><startConnector><rConnector id="6d"><Owner><atr ref="5d"/></Owner></rConnector></startConnector><endConnector><rConnector id="6e"><Owner><atr ref="63"/></Owner></rConnector></endConnector></lcaf><lcaf id="6f"><points><p colinear="true" x="347.72151898734177" y="104" c1x="291.6417112299465" c1y="-304" c2x="291.6417112299465" c2y="-304"/><p colinear="true" x="393.27848101265823" y="45" c1x="291.6417112299465" c1y="-304" c2x="291.6417112299465" c2y="-304"/></points><startConnector><rConnector id="70"><Owner><atr ref="5d"/></Owner></rConnector></startConnector><endConnector><rConnector id="71"><Owner><atr ref="66"/></Owner></rConnector></endConnector></lcaf><lcaf id="72"><points><p colinear="true" x="179" y="200.1031390134529" c1x="294.8181818181818" c1y="9" c2x="294.8181818181818" c2y="9"/><p colinear="true" x="322" y="196.89686098654707" c1x="294.8181818181818" c1y="9" c2x="294.8181818181818" c2y="9"/></points><startConnector><rConnector id="73"><Owner><atrchave ref="5a"/></Owner></rConnector></startConnector><endConnector><rConnector id="74"><Owner><ent ref="24"/></Owner></rConnector></endConnector></lcaf><lcaf id="75"><points><p colinear="true" x="342.6829268292683" y="124" c1x="269.3956466069142" c1y="12" c2x="269.3956466069142" c2y="12"/><p colinear="true" x="356.6341463414634" y="176" c1x="269.3956466069142" c1y="12" c2x="269.3956466069142" c2y="12"/></points><startConnector><rConnector id="76"><Owner><atr ref="5d"/></Owner></rConnector></startConnector><endConnector><rConnector id="77"><Owner><ent ref="24"/></Owner></rConnector></endConnector></lcaf><atr id="78" nullable="false" attributeType="VARCHAR2(128)"><children><e id="79" x="385" y="98" w="80" h="20"><a><fillColor><color rgba="#ffffebeb"/></fillColor></a></e><t id="7a" x="398.1435546875" y="100.7080078125"><a><text><string>direccion</string></text></a></t></children></atr><lcaf id="7b"><points><p colinear="true" x="376.3181818181818" y="176" c1x="140" c1y="-4" c2x="140" c2y="-4"/><p colinear="true" x="417.84090909090907" y="118" c1x="140" c1y="-4" c2x="140" c2y="-4"/></points><startConnector><rConnector id="7c"><Owner><ent ref="24"/></Owner></rConnector></startConnector><endConnector><rConnector id="7d"><Owner><atr ref="78"/></Owner></rConnector></endConnector></lcaf><atr id="7e" nullable="false" attributeType="VARCHAR2(128)"><children><e id="7f" x="129" y="81" w="80" h="20"><a><fillColor><color rgba="#ffffebeb"/></fillColor></a></e><t id="80" x="135.806640625" y="83.7080078125"><a><text><string>contrase&#xf1;a</string></text></a></t></children></atr><lcaf id="81"><points><p colinear="true" x="325.23809523809524" y="176" c1x="140" c1y="-4" c2x="140" c2y="-4"/><p colinear="true" x="187.38095238095238" y="101" c1x="140" c1y="-4" c2x="140" c2y="-4"/></points><startConnector><rConnector id="82"><Owner><ent ref="24"/></Owner></rConnector></startConnector><endConnector><rConnector id="83"><Owner><atr ref="7e"/></Owner></rConnector></endConnector></lcaf><atr id="84" nullable="false" attributeType="VARCHAR2(128)"><children><e id="85" x="655" y="291" w="80" h="20"><a><fillColor><color rgba="#ffffebeb"/></fillColor></a></e><t id="86" x="675.4765625" y="293.7080078125"><a><text><string>sueldo</string></text></a></t></children></atr><lcaf id="87"><points><p colinear="true" x="611" y="284.741935483871" c1x="140" c1y="-4" c2x="140" c2y="-4"/><p colinear="true" x="655" y="293.258064516129" c1x="140" c1y="-4" c2x="140" c2y="-4"/></points><startConnector><rConnector id="88"><Owner><ent ref="2a"/></Owner></rConnector></startConnector><endConnector><rConnector id="89"><Owner><atr ref="84"/></Owner></rConnector></endConnector></lcaf><atr id="8a" nullable="false" attributeType="VARCHAR2(128)"><children><e id="8b" x="194" y="356" w="80" h="20"><a><fillColor><color rgba="#ffffebeb"/></fillColor></a></e><t id="8c" x="218.244140625" y="358.7080078125"><a><text><string>saldo</string></text></a></t></children></atr><lcaf id="8d"><points><p colinear="true" x="264.06666666666666" y="311" c1x="140" c1y="-4" c2x="140" c2y="-4"/><p colinear="true" x="239.46666666666667" y="356" c1x="140" c1y="-4" c2x="140" c2y="-4"/></points><startConnector><rConnector id="8e"><Owner><ent ref="27"/></Owner></rConnector></startConnector><endConnector><rConnector id="8f"><Owner><atr ref="8a"/></Owner></rConnector></endConnector></lcaf><atr id="90" nullable="false" attributeType="VARCHAR2(128)"><children><e id="91" x="423" y="142" w="80" h="20"><a><fillColor><color rgba="#ffffebeb"/></fillColor></a></e><t id="92" x="449.7314453125" y="144.7080078125"><a><text><string>telef</string></text></a></t></children></atr><lcaf id="93"><points><p colinear="true" x="402" y="178.5742574257426" c1x="140" c1y="-4" c2x="140" c2y="-4"/><p colinear="true" x="440.04545454545456" y="162" c1x="140" c1y="-4" c2x="140" c2y="-4"/></points><startConnector><rConnector id="94"><Owner><ent ref="24"/></Owner></rConnector></startConnector><endConnector><rConnector id="95"><Owner><atr ref="90"/></Owner></rConnector></endConnector></lcaf><llabelMuitos id="96"><points><p colinear="true" x="485" y="391" c1x="140" c1y="-4" c2x="140" c2y="-4"/><p colinear="true" x="441" y="446" c1x="140" c1y="-4" c2x="140" c2y="-4"/></points><startConnector><rConnector id="97"><Owner><rel ref="3f"/></Owner></rConnector></startConnector><endConnector><rConnector id="98"><Owner><ent ref="36"/></Owner></rConnector></endConnector><a><text><string>N</string></text></a></llabelMuitos><llabelMuitos id="99"><points><p colinear="true" x="525" y="461.7142857142857" c1x="210" c1y="-5" c2x="210" c2y="-5"/><p colinear="true" x="465" y="464.2857142857143" c1x="210" c1y="-5" c2x="210" c2y="-5"/></points><startConnector><rConnector id="9a"><Owner><rel ref="45"/></Owner></rConnector></startConnector><endConnector><rConnector id="9b"><Owner><ent ref="36"/></Owner></rConnector></endConnector><a><text><string>N</string></text></a></llabelMuitos><llabelUm id="9c"><points><p colinear="true" x="605" y="459.6747967479675" c1x="276" c1y="-4" c2x="276" c2y="-4"/><p colinear="true" x="771" y="458.3252032520325" c1x="276" c1y="-4" c2x="276" c2y="-4"/></points><startConnector><rConnector id="9d"><Owner><rel ref="45"/></Owner></rConnector></startConnector><endConnector><rConnector id="9e"><Owner><ent ref="b"/></Owner></rConnector></endConnector></llabelUm><atr id="9f" nullable="false" attributeType="VARCHAR2(128)"><children><e id="a0" x="89" y="125" w="80" h="20"><a><fillColor><color rgba="#ffffebeb"/></fillColor></a></e><t id="a1" x="106.828125" y="127.7080078125"><a><text><string>usuario</string></text></a></t></children></atr><lcaf id="a2"><points><p colinear="true" x="167.19672131147541" y="145" c1x="140" c1y="-4" c2x="140" c2y="-4"/><p colinear="true" x="322" y="185.52789699570815" c1x="140" c1y="-4" c2x="140" c2y="-4"/></points><startConnector><rConnector id="a3"><Owner><atr ref="9f"/></Owner></rConnector></startConnector><endConnector><rConnector id="a4"><Owner><ent ref="24"/></Owner></rConnector></endConnector></lcaf><ent id="a5"><children><r id="a6" x="768" y="179" w="80" h="40"><a><fillColor><color rgba="#ffebffe8"/></fillColor></a></r><t id="a7" x="789.2763671875" y="191.7080078125"><a><text><string>tienda</string></text></a></t></children></ent><atrchave id="a8" nullable="false" attributeType="NUMBER"><children><e id="a9" x="659" y="107" w="80" h="20"><a><fillColor><color rgba="#ffffebeb"/></fillColor></a></e><t id="aa" x="685.0927734375" y="109.7080078125"><a><fontUnderlined><boolean>true</boolean></fontUnderlined><fontBold><boolean>true</boolean></fontBold><text><string>RUC</string></text></a></t></children></atrchave><lcaf id="ab"><points><p colinear="true" x="712.2926829268292" y="127" c1x="-55" c1y="-152" c2x="-55" c2y="-152"/><p colinear="true" x="781.4146341463414" y="179" c1x="-55" c1y="-152" c2x="-55" c2y="-152"/></points><startConnector><rConnector id="ac"><Owner><atrchave ref="a8"/></Owner></rConnector></startConnector><endConnector><rConnector id="ad"><Owner><ent ref="a5"/></Owner></rConnector></endConnector></lcaf><atrmulti id="ae" nullable="false" attributeType="VARCHAR2(128)"><children><e id="af" x="843" y="58" w="80" h="20"><a><fillColor><color rgba="#ffffebeb"/></fillColor><strokeType><enum type="strokeType">DOUBLE</enum></strokeType><innerStrokeWidthFactor><double>3</double></innerStrokeWidthFactor></a></e><t id="b0" x="858.6513671875" y="60.7080078125"><a><text><string>telefono</string></text></a></t></children></atrmulti><lcaf id="b1"><points><p colinear="true" x="819.4503816793894" y="179" c1x="-55" c1y="-152" c2x="-55" c2y="-152"/><p colinear="true" x="877.2748091603054" y="78" c1x="-55" c1y="-152" c2x="-55" c2y="-152"/></points><startConnector><rConnector id="b2"><Owner><ent ref="a5"/></Owner></rConnector></startConnector><endConnector><rConnector id="b3"><Owner><atrmulti ref="ae"/></Owner></rConnector></endConnector></lcaf><atr id="b4" nullable="false" attributeType="VARCHAR2(128)"><children><e id="b5" x="915" y="110" w="80" h="20"><a><fillColor><color rgba="#ffffebeb"/></fillColor></a></e><t id="b6" x="937.6884765625" y="112.7080078125"><a><text><string>divisa</string></text></a></t></children></atr><lcaf id="b7"><points><p colinear="true" x="845.2151898734177" y="179" c1x="-55" c1y="-152" c2x="-55" c2y="-152"/><p colinear="true" x="936.3924050632911" y="130" c1x="-55" c1y="-152" c2x="-55" c2y="-152"/></points><startConnector><rConnector id="b8"><Owner><ent ref="a5"/></Owner></rConnector></startConnector><endConnector><rConnector id="b9"><Owner><atr ref="b4"/></Owner></rConnector></endConnector></lcaf><atrmulti id="ba" nullable="false" attributeType="VARCHAR2(128)"><children><e id="bb" x="745" y="61" w="80" h="20"><a><fillColor><color rgba="#ffffebeb"/></fillColor><strokeType><enum type="strokeType">DOUBLE</enum></strokeType><innerStrokeWidthFactor><double>3</double></innerStrokeWidthFactor></a></e><t id="bc" x="758.1435546875" y="63.7080078125"><a><text><string>direccion</string></text></a></t></children></atrmulti><lcaf id="bd"><points><p colinear="true" x="786.796875" y="81" c1x="-19" c1y="-7" c2x="-19" c2y="-7"/><p colinear="true" x="804.40625" y="179" c1x="-19" c1y="-7" c2x="-19" c2y="-7"/></points><startConnector><rConnector id="be"><Owner><atrmulti ref="ba"/></Owner></rConnector></startConnector><endConnector><rConnector id="bf"><Owner><ent ref="a5"/></Owner></rConnector></endConnector></lcaf><ent id="c0"><children><r id="c1" x="647" y="552" w="80" h="40"><a><fillColor><color rgba="#ffebffe8"/></fillColor></a></r><t id="c2" x="656.7802734375" y="564.7080078125"><a><text><string>masculino</string></text></a></t></children></ent><ent id="c3"><children><r id="c4" x="923" y="560" w="80" h="40"><a><fillColor><color rgba="#ffebffe8"/></fillColor></a></r><t id="c5" x="935.0244140625" y="572.7080078125"><a><text><string>femenino</string></text></a></t></children></ent><ent id="c6"><children><r id="c7" x="781" y="558" w="80" h="40"><a><fillColor><color rgba="#ffebffe8"/></fillColor></a></r><t id="c8" x="801.5087890625" y="570.7080078125"><a><text><string>unisex</string></text></a></t></children></ent><generalizacaoLine id="c9"><points><p colinear="true" x="789.2456140350877" y="478" c1x="66" c1y="1" c2x="66" c2y="1"/><p colinear="true" x="708.7543859649122" y="552" c1x="66" c1y="1" c2x="66" c2y="1"/></points><startConnector><rConnector id="ca"><Owner><ent ref="b"/></Owner></rConnector></startConnector><endConnector><rConnector id="cb"><Owner><ent ref="c0"/></Owner></rConnector></endConnector></generalizacaoLine><generalizacaoLine id="cc"><points><p colinear="true" x="812.6666666666666" y="478" c1x="66" c1y="1" c2x="66" c2y="1"/><p colinear="true" x="819.3333333333334" y="558" c1x="66" c1y="1" c2x="66" c2y="1"/></points><startConnector><rConnector id="cd"><Owner><ent ref="b"/></Owner></rConnector></startConnector><endConnector><rConnector id="ce"><Owner><ent ref="c6"/></Owner></rConnector></endConnector></generalizacaoLine><generalizacaoLine id="cf"><points><p colinear="true" x="835.9180327868852" y="478" c1x="66" c1y="1" c2x="66" c2y="1"/><p colinear="true" x="938.0819672131148" y="560" c1x="66" c1y="1" c2x="66" c2y="1"/></points><startConnector><rConnector id="d0"><Owner><ent ref="b"/></Owner></rConnector></startConnector><endConnector><rConnector id="d1"><Owner><ent ref="c3"/></Owner></rConnector></endConnector></generalizacaoLine><rel id="d2"><children><diamond id="d3" x="61" y="336" w="80" h="40"><a><fillColor><color rgba="#ffddddff"/></fillColor></a></diamond><t id="d4" x="81.212890625" y="348.7080078125"><a><text><string>realiza</string></text></a></t></children></rel><atrchave id="d5" nullable="false" attributeType="NUMBER"><children><e id="d6" x="39" y="536" w="80" h="20"><a><fillColor><color rgba="#ffffebeb"/></fillColor></a></e><t id="d7" x="41.46484375" y="538.7080078125"><a><fontUnderlined><boolean>true</boolean></fontUnderlined><fontBold><boolean>true</boolean></fontBold><text><string>id_reclamo</string></text></a></t></children></atrchave><atr id="d8" nullable="false" attributeType="VARCHAR2(128)"><children><e id="d9" x="133" y="539" w="80" h="20"><a><fillColor><color rgba="#ffffebeb"/></fillColor></a></e><t id="da" x="139.279296875" y="541.7080078125"><a><text><string>descripcion</string></text></a></t></children></atr><llabelUm id="db"><points><p colinear="true" x="141" y="341.0574712643678" c1x="0" c1y="0" c2x="0" c2y="0"/><p colinear="true" x="235" y="305.9425287356322" c1x="0" c1y="0" c2x="0" c2y="0"/></points><startConnector><rConnector id="dc"><Owner><rel ref="d2"/></Owner></rConnector></startConnector><endConnector><rConnector id="dd"><Owner><ent ref="27"/></Owner></rConnector></endConnector></llabelUm><entfraca id="de"><children><r id="df" x="84" y="433" w="80" h="40"><a><fillColor><color rgba="#ffebffe8"/></fillColor><strokeType><enum type="strokeType">DOUBLE</enum></strokeType><innerStrokeWidthFactor><double>3</double></innerStrokeWidthFactor></a></r><t id="e0" x="100.01171875" y="445.7080078125"><a><text><string>reclamo</string></text></a></t></children></entfraca><lcaf id="e1"><points><p colinear="true" x="114.32258064516128" y="473" c1x="0" c1y="0" c2x="0" c2y="0"/><p colinear="true" x="83.83870967741936" y="536" c1x="0" c1y="0" c2x="0" c2y="0"/></points><startConnector><rConnector id="e2"><Owner><entfraca ref="de"/></Owner></rConnector></startConnector><endConnector><rConnector id="e3"><Owner><atrchave ref="d5"/></Owner></rConnector></endConnector></lcaf><lcaf id="e4"><points><p colinear="true" x="134.20833333333331" y="473" c1x="0" c1y="0" c2x="0" c2y="0"/><p colinear="true" x="167.89583333333331" y="539" c1x="0" c1y="0" c2x="0" c2y="0"/></points><startConnector><rConnector id="e5"><Owner><entfraca ref="de"/></Owner></rConnector></startConnector><endConnector><rConnector id="e6"><Owner><atr ref="d8"/></Owner></rConnector></endConnector></lcaf><rel id="e7"><children><diamond id="e8" x="632" y="199" w="80" h="40"><a><fillColor><color rgba="#ffddddff"/></fillColor></a></diamond><t id="e9" x="657.0439453125" y="211.7080078125"><a><text><string>tiene</string></text></a></t></children></rel><llabelUm id="ea"><points><p colinear="true" x="637.1724137931034" y="239" c1x="0" c1y="0" c2x="0" c2y="0"/><p colinear="true" x="605.8275862068965" y="257" c1x="0" c1y="0" c2x="0" c2y="0"/></points><startConnector><rConnector id="eb"><Owner><rel ref="e7"/></Owner></rConnector></startConnector><endConnector><rConnector id="ec"><Owner><ent ref="2a"/></Owner></rConnector></endConnector></llabelUm><llabelUm id="ed"><points><p colinear="true" x="712" y="213.11764705882354" c1x="0" c1y="0" c2x="0" c2y="0"/><p colinear="true" x="768" y="204.88235294117646" c1x="0" c1y="0" c2x="0" c2y="0"/></points><startConnector><rConnector id="ee"><Owner><rel ref="e7"/></Owner></rConnector></startConnector><endConnector><rConnector id="ef"><Owner><ent ref="a5"/></Owner></rConnector></endConnector></llabelUm><atr id="f0" nullable="false" attributeType="VARCHAR2(128)"><children><e id="f1" x="939" y="421" w="80" h="20"><a><fillColor><color rgba="#ffffebeb"/></fillColor></a></e><t id="f2" x="966.1357421875" y="423.7080078125"><a><text><string>talla</string></text></a></t></children></atr><lcaf id="f3"><points><p colinear="true" x="851" y="451.57142857142856" c1x="0" c1y="0" c2x="0" c2y="0"/><p colinear="true" x="939" y="437.42857142857144" c1x="0" c1y="0" c2x="0" c2y="0"/></points><startConnector><rConnector id="f4"><Owner><ent ref="b"/></Owner></rConnector></startConnector><endConnector><rConnector id="f5"><Owner><atr ref="f0"/></Owner></rConnector></endConnector></lcaf><llabelDoubleMuitos id="f6"><points><p colinear="true" x="105.74226804123711" y="376" c1x="0" c1y="0" c2x="0" c2y="0"/><p colinear="true" x="119.25773195876289" y="433" c1x="0" c1y="0" c2x="0" c2y="0"/></points><startConnector><rConnector id="f7"><Owner><rel ref="d2"/></Owner></rConnector></startConnector><endConnector><rConnector id="f8"><Owner><entfraca ref="de"/></Owner></rConnector></endConnector><a><innerStrokeWidthFactor><double>3</double></innerStrokeWidthFactor><text><string>N</string></text></a></llabelDoubleMuitos><atrderivado id="f9"><children><e id="fa" x="967" y="469" w="80" h="20"><a><fillColor><color rgba="#ffffebeb"/></fillColor><strokeDashes><doubleArray><double>5</double></doubleArray></strokeDashes></a></e><t id="fb" x="991.19140625" y="471.7080078125"><a><text><string>stock</string></text></a></t></children></atrderivado><lcaf id="fc"><points><p colinear="true" x="851" y="462.2857142857143" c1x="0" c1y="0" c2x="0" c2y="0"/><p colinear="true" x="967" y="474.7142857142857" c1x="0" c1y="0" c2x="0" c2y="0"/></points><startConnector><rConnector id="fd"><Owner><ent ref="b"/></Owner></rConnector></startConnector><endConnector><rConnector id="fe"><Owner><atrderivado ref="f9"/></Owner></rConnector></endConnector></lcaf><lcaf id="ff"><points><p colinear="true" x="677" y="592" c1x="0" c1y="0" c2x="0" c2y="0"/><p colinear="true" x="647" y="652" c1x="0" c1y="0" c2x="0" c2y="0"/></points><startConnector><rConnector id="100"><Owner><ent ref="c0"/></Owner></rConnector></startConnector><endConnector><rConnector id="101"><Owner><atr ref="6"/></Owner></rConnector></endConnector></lcaf><lcaf id="102"><points><p colinear="true" x="820.5402298850574" y="598" c1x="0" c1y="0" c2x="0" c2y="0"/><p colinear="true" x="819.2298850574713" y="655" c1x="0" c1y="0" c2x="0" c2y="0"/></points><startConnector><rConnector id="103"><Owner><ent ref="c6"/></Owner></rConnector></startConnector><endConnector><rConnector id="104"><Owner><atr ref="3"/></Owner></rConnector></endConnector></lcaf><lcaf id="105"><points><p colinear="true" x="963.2150537634409" y="600" c1x="0" c1y="0" c2x="0" c2y="0"/><p colinear="true" x="963.8924731182796" y="663" c1x="0" c1y="0" c2x="0" c2y="0"/></points><startConnector><rConnector id="106"><Owner><ent ref="c3"/></Owner></rConnector></startConnector><endConnector><rConnector id="107"><Owner><atr ref="0"/></Owner></rConnector></endConnector></lcaf></figures></drawing>